Used Features,Authors
"PV Power, Solar Irrad., Amb. Temp., Wind Speed, Wind Dir., Cloud, Air Pressure, Humidity, Sunshine Hours",Chen
"Solar Irrad., Datetime, PV Power",Cococcioni
PV Power,Pedro
"PV Power, Amb. Temp.",Shi
"PV Power, Solar Irrad.",Haque
"PV Power, Amb. Temp., Precipitation, Solar Irrad.",Yang
"PV Power, Meteorological",Almeida
"PV Power, Amb. Temp., Wind Speed, Humidity, Aerosol Index",Liu
"PV Power, Amb. Temp., Air Pressure, Humidity, Precipitation, Solar Irrad., Wind Speed, Wind Dir.",Ramsami
"PV Power, Solar Irrad., Wind Speed, Wind Dir., Amb. Temp., Humidity",Rana
"PV Power, Air Pressure, Solar Irrad.",Wang
PV Power,Zhu
"PV Power, Solar Irrad., Wind Speed, Amb. Temp., Module Temp.",Hossain
"PV Power, Load, Net Load",Lave
"PV Power, Solar Irrad.",Wang
"PV Power, Amb. Temp., Wind Speed, Wind Dir., Humidity, Cloud",El-Baz
"PV Power, Meteorological",Eseye
"Solar Irrad., Amb. Temp.",Gigoni
"PV Power, Amb. Temp., Humidity, Solar Irrad., Wind Speed",Raza
"Solar Irrad., Wind Speed, Humidity, PV Power, Amb. Temp., Satellite Images",Rosiek
"PV Power, Solar Irrad., Amb. Temp., Humidity, Wind Dir., Wind Speed, Precipitation",Sheng
"Solar Irrad., Module Temp.",Yadav
"PV Power, Solar Irrad., Amb. Temp., Humidity",Seyedmahmoudian
"PV Power, Camera Images",Huang
"PV Power, Wind Speed, Wind Dir., Amb. Temp., Humidity, GHI, DHI",Liu
"PV Power, Cloud, Amb. Temp., Air Pressure, Wind Dir., Wind Speed, Precipitation, ClearSky Radiation",Visser
"PV Power, Solar Irrad., Amb. Temp.",Wen
"PV Power, Solar Irrad., Amb. Temp.",VanDeventer
"PV Power, Meteorological",Akhter
PV Power,Chang
"PV Power, GHI, DHI, Amb. Temp., Wind Speed, Humidity",P. Li
"PV Power, Sunshine Hours, Amb. Temp., Wind Speed, Humidity",Zheng
"PV Power, Humidity, Wind Speed, Wind Dir., GHI, DHI, Precipitation, Amb. Temp.",Ali Jallal
PV Power,Sharadga
"PV Power, Solar Irrad., Wind Speed, Amb. Temp., Humidity",Yin
"Solar Irrad., Cloud, Precipitation, Humidity, Air Pressure",Dewangan
"Amb. Temp., GHI, DHI",Zhou
"PV Power, Wind Speed, Solar Irrad., Amb. Temp.",Z.F. Liu
"PV Power, Amb. Temp., Humidity, GHI, DHI, Wind Dir.",Pan
,
"Atmospheric Transmissivity, Humidity, Wind Speed, Cloud",Zeng
"GHI, Sunshine Hours, Amb. Temp., Humidity",Shamshirband
Solar Irrad.,Azimi
"Amb. Temp., Solar Irrad.",Belaid
"Longitude/Latitude, Datetime, Amb. Temp., Sunshine Hours, Altitude",Celik
"Sunshine Hours, Amb. Temp., Wind Speed, Precipitation, Evaporation",Deo
"Satellite Images, Solar Irrad.",Jang
"Amb. Temp., Humidity, Air Pressure, Solar Irrad.",J. Li
"Solar Irrad., DNI, Clearness Index, Amb. Temp., Cloud, Altitude",Lou
"Air Pressure, Humidity, Amb. Temp., GHI",jiménez
"Solar Irrad., WRF Variables",aybar
"Solar Irrad., GHI",Shamshirband
"Sunshine Hours, Amb. Temp., Solar Irrad., Aerosol Index",Sun
"GHI, Amb. Temp., Humidity, Solar Irrad., Wind Dir., Wind Speed, Clearness Index, Zenith",Gutierrez-Corea
"Sunshine Hours, Humidity, Amb. Temp., GHI, Water Vapour Pressure",Wang
"Solar Irrad., Amb. Temp., Humidity, Longitude/Latitude, Altitude",Baser
GHI,Bouzgou
"GHI, DHI, DNI",Hassan
"Sunshine Hours, Amb. Temp., Datetime, Humidity",Ibrahim
"Amb. Temp., Wind Speed, Air Pressure, Humidity",Mousavi
GHI,Voyant
"GHI, DHI, DNI, Datetime, Zenith, Aerosol Index, Angstrom Exp., Wind Speed, Wind Dir.",Alfadda
"Sunshine Hours, Amb. Temp., Aerosol Index",Fan
GHI,Fouilloy
"Amb. Temp., Air Pressure, Wind Speed, Humidity, Solar Irrad.",Khosravi
"Datetime, Longitude/Latitude, Sunshine Hours, Humidity, Amb. Temp.",Meenal
"Solar Irrad., Amb. Temp., Humidity, Wind Speed, Wind Dir., Air Pressure",Mishra
"GHI, DNI, Camera Images",Pedro
Solar Irrad.,Sharma
"Amb. Temp., Sunshine Hours, Terrestrial Rad.",Rao
Solar Irrad.,S. Sun
"GHI, Sunshine Hours, Amb. Temp., Humidity, Aerosol Index",Yao
"GHI, Satellite Images",Marchesoni
"GHI, DHI",Benali
"Cloud, ClearSky Radiation, Reflectivity",Cornejo-Bueno
"Solar Irrad., Amb. Temp.",Kisi
Solar Irrad.,Lan
"GHI, Humidity, Precipitation, Amb. Temp., Wind Speed, Wind Dir.",Marzouq
"GHI, ClearSky Radiation",Munkhammar
"Precipitation, Water Vapour Pressure, Humidity, Evaporation",Prasad
"Condensation Level, Others, Module Temp., Precipitation",Wu
"GHI, Sunshine Hours, Humidity, Amb. Temp., Precipitation",Wu
Solar Irrad.,Yagli
"GHI, DHI, Sunshine Hours, Amb. Temp., Aerosol Index",Fan
"Solar Irrad., Sunshine Hours, Humidity, Amb. Temp.",Feng
"Evaporation, Water Vapour Pressure, Humidity, Precipitation",Prasad
Solar Irrad.,Yagli
"GHI, ClearSky Radiation, Zenith",Babar
"GHI, DHI, DNI, Amb. Temp., Humidity, Wind Speed, Air Pressure",Feng
"GHI, DHI, DNI, Zenith, Amb. Temp., Wind Speed",Narvaez
Solar Irrad.,Marzouq
"Solar Irrad., Amb. Temp., Datetime",Pang
"Amb. Temp., Solar Irrad.",Ben Ammar
GHI,Zambrano
"Wind Speed, GHI, Wind Dir., Precipitation, Zenith, Amb. Temp., Humidity, Dew Point Temp.",Zang
Solar Irrad.,Gao
"Solar Irrad., Humidity, Altitude, Amb. Temp., Wind Speed, Zenith",Wang
"Solar Irrad., Datetime",Lee
"DNI, GHI, DHI",Huertas-Tato
"GHI, Humidity, Amb. Temp., Wind Speed, Wind Dir., Air Pressure, ClearSky Radiation",Kumari
GHI,Gupta
GHI,Tina
"Sunshine Hours, Amb. Temp., Humidity, Air Pressure, Solar Irrad.",Khahro
"GHI, DHI, Clearness Index, Altitude, POAI",Lave
GHI,Passow
"GHI, DHI, POAI",Riley
GHI,Oka
GHI,Takilalte
"PV Power, Solar Irrad.",Meng
"Solar Irrad., Air Pressure, Amb. Temp., Wind Speed",Liaoliao
"Cloud, Solar Irrad.",Tan
"Amb. Temp., Air Pressure, Humidity, Wind Speed, Wind Dir., Cloud, Sunshine Hours",Durrani
"Solar Irrad., Amb. Temp., Wind Speed, Air Pressure",Cui